platform_order_id,check_id,match_method,time_gap_s,amount_gap_cents
DP-01360C,CHK-104971,exact_ref,75,0
DP-018E02,CHK-106919,exact_ref,33,0
DP-019C6B,CHK-105402,exact_ref,32,200
DP-01AA31,CHK-106010,time_amount,258,100
DP-01B299,CHK-105747,exact_ref,73,100
DP-01C84A,CHK-104686,exact_ref,72,0
DP-01E7BD,CHK-106939,time_amount,184,100
DP-0266D3,CHK-104462,time_amount,345,0
DP-02E554,CHK-106090,exact_ref,134,100
DP-02ECAC,CHK-104920,exact_ref,27,0
DP-032DD9,CHK-104967,exact_ref,74,0
DP-03593C,CHK-104926,exact_ref,37,0
DP-038094,CHK-105565,exact_ref,38,0
DP-03C781,CHK-106644,exact_ref,22,0
DP-03FCFF,CHK-105906,exact_ref,112,0
DP-044E9C,CHK-104636,exact_ref,62,0
DP-049E05,CHK-106664,exact_ref,29,0
DP-04AC4C,CHK-105473,exact_ref,65,0
DP-04D74B,CHK-105115,time_amount,310,0
DP-06B17C,CHK-106476,exact_ref,87,0
DP-070768,CHK-106086,exact_ref,21,0
DP-071CA8,CHK-106359,exact_ref,5,0
DP-076047,CHK-104102,exact_ref,43,0
DP-079EFD,CHK-104812,exact_ref,20,0
DP-07D3FF,CHK-105950,exact_ref,80,100
DP-0815FE,CHK-104128,exact_ref,79,0
DP-085CB5,CHK-106753,exact_ref,87,0
DP-087CBA,CHK-105674,exact_ref,88,0
DP-098B3A,CHK-105298,exact_ref,2,0
DP-09ADBF,CHK-105877,time_amount,53,100
DP-0A0293,CHK-106729,time_amount,219,0
DP-0A0C93,CHK-104431,exact_ref,21,0
DP-0A356E,CHK-106807,exact_ref,45,0
DP-0AD5D0,CHK-104821,exact_ref,102,0
DP-0AD828,CHK-104416,time_amount,66,0
DP-0AF780,CHK-106507,exact_ref,29,200
DP-0B1AE7,CHK-104977,time_amount,57,0
DP-0BE157,CHK-106451,exact_ref,72,0
DP-0C536D,CHK-106568,exact_ref,3,0
DP-0CF236,CHK-105004,exact_ref,53,0
DP-0D3A6E,CHK-105607,exact_ref,125,0
DP-0D3C49,CHK-106625,exact_ref,69,0
DP-0DB71E,CHK-105028,exact_ref,27,0
DP-0E0D90,CHK-106364,exact_ref,8,0
DP-0E6941,CHK-106509,time_amount,73,0
DP-0E94C1,CHK-105067,exact_ref,79,200
DP-0E97A3,CHK-106725,exact_ref,134,0
DP-0F00A2,CHK-107018,time_amount,67,0
DP-0FD0A8,CHK-104861,exact_ref,13,0
DP-0FDEC0,CHK-107011,time_amount,206,100
DP-0FDF2D,CHK-106963,exact_ref,17,0
DP-100002,CHK-105662,exact_ref,7,0
DP-107121,CHK-105191,exact_ref,44,0
DP-107212,CHK-106429,exact_ref,1,0
DP-10CE43,CHK-105863,exact_ref,29,0
DP-113E03,CHK-104377,exact_ref,57,0
DP-1149DB,CHK-104870,exact_ref,57,0
DP-11CA24,CHK-104871,time_amount,265,0
DP-11ECD5,CHK-106167,time_amount,115,0
DP-123B05,CHK-105993,time_amount,285,0
DP-124762,CHK-106984,exact_ref,146,100
DP-12AF3C,CHK-104785,time_amount,248,0
DP-12C7AD,CHK-105983,time_amount,193,100
DP-12DA86,CHK-104025,time_amount,97,0
DP-12E1F9,CHK-106110,time_amount,82,0
DP-12FB1D,CHK-105465,time_amount,189,0
DP-13F729,CHK-106584,exact_ref,40,0
DP-143C50,CHK-104704,exact_ref,8,0
DP-144478,CHK-106570,exact_ref,131,100
DP-14DD3C,CHK-106650,exact_ref,97,200
DP-14F29E,CHK-104980,exact_ref,40,0
DP-1599E3,CHK-104125,exact_ref,105,0
DP-15F29B,CHK-104713,time_amount,291,0
DP-168598,CHK-104442,time_amount,112,0
DP-16BE47,CHK-104811,exact_ref,42,0
DP-171880,CHK-105208,exact_ref,126,100
DP-171CE7,CHK-104263,exact_ref,72,0
DP-1722F2,CHK-104009,exact_ref,95,0
DP-17713D,CHK-104223,time_amount,262,0
DP-17EA48,CHK-104943,exact_ref,15,0
DP-17F5B9,CHK-106839,exact_ref,51,0
DP-18449A,CHK-107065,exact_ref,29,0
DP-18810F,CHK-105286,exact_ref,53,0
DP-191B0A,CHK-105201,time_amount,296,100
DP-19248C,CHK-106987,exact_ref,91,0
DP-1A48C1,CHK-106064,exact_ref,12,0
DP-1A79D9,CHK-105581,exact_ref,96,0
DP-1AA096,CHK-106483,exact_ref,83,0
DP-1AC8C3,CHK-106438,exact_ref,46,100
DP-1B32F2,CHK-105870,exact_ref,57,100
DP-1B42F7,CHK-106536,exact_ref,129,0
DP-1BC5E3,CHK-104544,exact_ref,61,0
DP-1BFC72,CHK-107131,exact_ref,26,200
DP-1C3712,CHK-105422,exact_ref,41,0
DP-1C9940,CHK-106140,time_amount,278,0
DP-1C9DDC,CHK-104400,exact_ref,17,0
DP-1CF010,CHK-105874,time_amount,302,0
DP-1D757D,CHK-106865,exact_ref,89,100
DP-1DC426,CHK-105505,exact_ref,12,0
DP-1DCF3E,CHK-104728,exact_ref,98,0
DP-1DD5C2,CHK-106670,exact_ref,39,0
DP-1E8B2E,CHK-104360,time_amount,124,0
DP-1ED305,CHK-106293,exact_ref,95,100
DP-1EDD80,CHK-104799,exact_ref,63,0
DP-1F8D46,CHK-105936,time_amount,246,0
DP-1F97B7,CHK-104165,exact_ref,68,0
DP-2052F5,CHK-105781,exact_ref,89,0
DP-206ACA,CHK-106876,exact_ref,79,100
DP-212F19,CHK-104258,exact_ref,26,0
DP-225F85,CHK-105805,time_amount,47,0
DP-22D567,CHK-105386,exact_ref,141,100
DP-234CC3,CHK-104786,exact_ref,110,0
DP-2356F7,CHK-105261,exact_ref,131,0
DP-23842C,CHK-104578,exact_ref,76,0
DP-23A9A7,CHK-106485,exact_ref,58,100
DP-23EE31,CHK-105717,time_amount,69,0
DP-240F6A,CHK-104591,time_amount,64,0
DP-242487,CHK-104851,time_amount,85,0
DP-2469FA,CHK-104756,time_amount,130,0
DP-24EED3,CHK-106176,exact_ref,59,0
DP-24F692,CHK-105995,exact_ref,44,100
DP-250DEF,CHK-104119,exact_ref,23,0
DP-257DB7,CHK-105569,exact_ref,106,200
DP-26A6CF,CHK-106328,time_amount,46,0
DP-26D5D8,CHK-104965,time_amount,197,0
DP-26E22C,CHK-104740,exact_ref,18,0
DP-26EFF5,CHK-104500,exact_ref,68,0
DP-2715D5,CHK-104233,time_amount,205,0
DP-271892,CHK-105589,exact_ref,72,0
DP-275A3E,CHK-107116,exact_ref,97,100
DP-27C4A5,CHK-106981,exact_ref,113,100
DP-284682,CHK-104474,time_amount,242,0
DP-28BCA0,CHK-104046,exact_ref,46,0
DP-28D091,CHK-105530,exact_ref,6,0
DP-28D127,CHK-106751,exact_ref,22,0
DP-28E220,CHK-106899,exact_ref,107,0
DP-29500D,CHK-106425,exact_ref,3,100
DP-2950EA,CHK-107032,exact_ref,14,0
DP-2957CA,CHK-104299,time_amount,209,0
DP-2A0770,CHK-104012,exact_ref,136,0
DP-2B7055,CHK-107044,exact_ref,16,0
DP-2BCAB5,CHK-106576,time_amount,324,0
DP-2BFD8F,CHK-104760,exact_ref,111,0
DP-2C718A,CHK-105921,exact_ref,12,100
DP-2C8742,CHK-105693,exact_ref,60,0
DP-2CA25F,CHK-104539,exact_ref,58,0
DP-2D320F,CHK-104767,time_amount,82,0
DP-2DCD13,CHK-107101,exact_ref,14,0
DP-2E3102,CHK-104019,time_amount,142,0
DP-2E518D,CHK-105057,exact_ref,115,0
DP-2EB97E,CHK-105613,exact_ref,29,0
DP-2ED6CF,CHK-104068,exact_ref,138,0
DP-2F1E73,CHK-106912,exact_ref,72,0
DP-2F99D0,CHK-105587,exact_ref,18,0
DP-2FFF48,CHK-106506,exact_ref,16,0
DP-30A734,CHK-105927,exact_ref,45,0
DP-314CC3,CHK-107108,exact_ref,14,100
DP-3176F8,CHK-104297,exact_ref,100,0
DP-31DF5F,CHK-105269,time_amount,182,0
DP-323F70,CHK-105002,exact_ref,52,0
DP-324465,CHK-106941,exact_ref,26,0
DP-32CEF9,CHK-105923,exact_ref,67,0
DP-32F01F,CHK-104545,exact_ref,128,0
DP-32FE69,CHK-104792,exact_ref,1,0
DP-335E56,CHK-106953,time_amount,266,200
DP-33F624,CHK-106261,time_amount,79,100
DP-34173F,CHK-105654,exact_ref,11,100
DP-3426FF,CHK-105557,exact_ref,88,0
DP-343F0C,CHK-105930,exact_ref,49,100
DP-346E48,CHK-105343,exact_ref,38,100
DP-34DF2C,CHK-104905,exact_ref,41,0
DP-3530A2,CHK-106529,time_amount,89,0
DP-35DC9E,CHK-106641,exact_ref,93,0
DP-35EDF2,CHK-106812,time_amount,177,0
DP-3618C3,CHK-107071,exact_ref,123,0
DP-36995C,CHK-105374,exact_ref,90,0
DP-36FB5E,CHK-104782,time_amount,220,0
DP-373F3E,CHK-106285,time_amount,221,100
DP-375B75,CHK-106792,exact_ref,72,0
DP-378F65,CHK-105094,exact_ref,90,0
DP-37E536,CHK-104522,exact_ref,131,0
DP-389056,CHK-106573,exact_ref,80,0
DP-38B838,CHK-105617,exact_ref,8,100
DP-391697,CHK-105497,exact_ref,80,100
DP-398FE7,CHK-105229,exact_ref,2,0
DP-3993B5,CHK-105394,exact_ref,91,0
DP-3B3071,CHK-105070,time_amount,296,0
DP-3B60BC,CHK-106224,exact_ref,110,0
DP-3C1758,CHK-104914,time_amount,290,0
DP-3C1CCB,CHK-106295,exact_ref,94,100
DP-3C7B19,CHK-106361,exact_ref,97,100
DP-3C9E10,CHK-104928,time_amount,202,0
DP-3D421F,CHK-106776,exact_ref,104,0
DP-3DE234,CHK-104763,exact_ref,20,0
DP-3EB798,CHK-104669,exact_ref,50,0
DP-3EDD40,CHK-105159,exact_ref,21,0
DP-3F4297,CHK-105546,exact_ref,38,0
DP-3F76C7,CHK-104277,time_amount,270,0
DP-403481,CHK-107090,time_amount,291,0
DP-4078C7,CHK-105814,exact_ref,36,0
DP-4090BD,CHK-105754,time_amount,279,0
DP-40B0C4,CHK-105789,time_amount,247,0
DP-40B549,CHK-106127,time_amount,347,0
DP-40EFBD,CHK-105555,exact_ref,48,0
DP-40FAA2,CHK-106469,exact_ref,22,0
DP-41636E,CHK-106947,exact_ref,18,0
DP-417EE3,CHK-105196,exact_ref,20,100
DP-41B4D4,CHK-104041,exact_ref,117,0
DP-42524A,CHK-105800,exact_ref,2,100
DP-425DED,CHK-104316,exact_ref,12,0
DP-42846D,CHK-105125,exact_ref,115,0
DP-42EFA3,CHK-106311,exact_ref,138,0
DP-430525,CHK-105560,exact_ref,24,0
DP-441701,CHK-106056,time_amount,242,0
DP-445F0A,CHK-105283,exact_ref,94,100
DP-451DF6,CHK-105655,exact_ref,36,0
DP-453EB7,CHK-105803,exact_ref,4,0
DP-45AE36,CHK-104255,time_amount,48,0
DP-45DA91,CHK-105879,time_amount,120,0
DP-462DDA,CHK-104075,time_amount,217,0
DP-4692BA,CHK-105441,time_amount,137,0
DP-47366D,CHK-106443,exact_ref,93,0
DP-474990,CHK-105149,exact_ref,11,100
DP-4791BC,CHK-107097,time_amount,54,0
DP-481194,CHK-104114,exact_ref,10,0
DP-493AF2,CHK-106617,exact_ref,24,0
DP-49FD69,CHK-107111,exact_ref,47,100
DP-4B4774,CHK-107031,exact_ref,67,100
DP-4BBDA6,CHK-107088,exact_ref,143,0
DP-4C5BE0,CHK-104730,exact_ref,50,0
DP-4C64DA,CHK-105440,time_amount,103,0
DP-4CEBD4,CHK-104182,time_amount,62,0
DP-4D6556,CHK-105727,time_amount,210,0
DP-4DC046,CHK-106446,exact_ref,81,0
DP-4DC1D0,CHK-105752,exact_ref,71,0
DP-4DE735,CHK-106767,exact_ref,13,100
DP-4E166A,CHK-105411,exact_ref,78,100
DP-4E1A19,CHK-105706,exact_ref,55,100
DP-4E2A63,CHK-105736,exact_ref,99,100
DP-4E5CE0,CHK-106248,time_amount,149,0
DP-4E6515,CHK-106347,exact_ref,20,0
DP-4E6B86,CHK-104718,exact_ref,31,0
DP-4F38E4,CHK-105928,exact_ref,23,100
DP-4F4EBD,CHK-104251,exact_ref,112,0
DP-4FF551,CHK-104711,exact_ref,65,0
DP-509326,CHK-104818,exact_ref,133,0
DP-51687F,CHK-105910,time_amount,94,0
DP-5177B1,CHK-107062,exact_ref,109,0
DP-522543,CHK-106138,exact_ref,76,0
DP-523482,CHK-105971,exact_ref,31,0
DP-53250C,CHK-105776,exact_ref,71,0
DP-53589E,CHK-104675,exact_ref,9,0
DP-535AA9,CHK-104765,exact_ref,112,0
DP-542181,CHK-105690,time_amount,300,100
DP-54339A,CHK-105105,exact_ref,93,0
DP-5505D0,CHK-106352,exact_ref,134,0
DP-551D3A,CHK-104929,exact_ref,102,0
DP-5555B0,CHK-106422,exact_ref,50,0
DP-558E72,CHK-105980,time_amount,22,0
DP-5604AC,CHK-106512,exact_ref,102,0
DP-5696BD,CHK-106902,exact_ref,49,100
DP-56D541,CHK-106062,exact_ref,137,0
DP-573784,CHK-106770,exact_ref,86,0
DP-578E3D,CHK-105151,exact_ref,43,100
DP-5799E6,CHK-104954,exact_ref,2,0
DP-584ABC,CHK-105162,time_amount,292,100
DP-59279C,CHK-105180,time_amount,90,0
DP-5951DC,CHK-106133,exact_ref,11,0
DP-595545,CHK-104743,time_amount,131,0
DP-59602F,CHK-105699,exact_ref,6,0
DP-59BAFE,CHK-104564,exact_ref,93,0
DP-5A19A1,CHK-105501,exact_ref,28,100
DP-5A7560,CHK-104880,time_amount,97,0
DP-5A9D34,CHK-105483,exact_ref,114,0
DP-5B6BC2,CHK-105160,time_amount,202,0
DP-5BCF48,CHK-105024,time_amount,195,0
DP-5C0920,CHK-105964,exact_ref,114,0
DP-5C0A53,CHK-106196,time_amount,46,100
DP-5C155A,CHK-106319,exact_ref,84,0
DP-5C6470,CHK-105333,exact_ref,33,0
DP-5C9AC8,CHK-106965,time_amount,29,0
DP-5CB03D,CHK-105041,exact_ref,90,0
DP-5CD218,CHK-105165,exact_ref,1,0
DP-5CD65A,CHK-106122,time_amount,350,0
DP-5D05AD,CHK-104048,time_amount,217,0
DP-5D264D,CHK-107001,exact_ref,124,100
DP-5D2F5A,CHK-106904,exact_ref,14,100
DP-5DAA0A,CHK-106594,exact_ref,5,0
DP-5DF1BC,CHK-104268,exact_ref,88,0
DP-5E0853,CHK-104006,exact_ref,47,0
DP-5EC555,CHK-106716,exact_ref,121,0
DP-5F2AB7,CHK-105372,exact_ref,87,0
DP-5F700D,CHK-105762,exact_ref,58,100
DP-5F945A,CHK-104354,exact_ref,91,0
DP-5FF972,CHK-105525,exact_ref,60,300
DP-6023EC,CHK-106830,time_amount,309,0
DP-60334A,CHK-106731,exact_ref,66,100
DP-61AF97,CHK-106207,exact_ref,23,0
DP-62721F,CHK-106667,exact_ref,67,0
DP-63265A,CHK-105460,time_amount,169,0
DP-633B54,CHK-106693,time_amount,329,0
DP-638BC8,CHK-107121,exact_ref,22,0
DP-63A5E8,CHK-104243,time_amount,277,0
DP-63B4AC,CHK-104984,time_amount,118,0
DP-63E60C,CHK-106518,time_amount,260,0
DP-641607,CHK-104697,exact_ref,106,0
DP-64B238,CHK-106585,exact_ref,111,0
DP-650E6E,CHK-104340,exact_ref,116,0
DP-65B024,CHK-104772,time_amount,272,0
DP-662A6F,CHK-104874,exact_ref,20,0
DP-66999E,CHK-106118,time_amount,238,100
DP-67E8C3,CHK-106762,time_amount,191,0
DP-68568C,CHK-105053,exact_ref,89,0
DP-6898CF,CHK-106575,exact_ref,95,0
DP-6969BE,CHK-105524,exact_ref,97,0
DP-69E08F,CHK-106236,exact_ref,23,0
DP-6AA8E8,CHK-104842,exact_ref,18,0
DP-6B7962,CHK-106982,exact_ref,27,0
DP-6B8FE6,CHK-105271,exact_ref,9,100
DP-6C630A,CHK-106166,time_amount,319,0
DP-6CBD18,CHK-106028,exact_ref,53,200
DP-6D1A8A,CHK-105243,exact_ref,105,0
DP-6D3040,CHK-105552,exact_ref,145,0
DP-6D435F,CHK-104507,exact_ref,107,0
DP-6D5CC8,CHK-105377,exact_ref,3,0
DP-6F9C1A,CHK-104989,time_amount,217,0
DP-6FB3CD,CHK-106880,exact_ref,2,100
DP-6FBB42,CHK-105171,exact_ref,16,0
DP-70103C,CHK-105251,time_amount,265,100
DP-7071CE,CHK-107080,exact_ref,71,0
DP-708C7E,CHK-104234,exact_ref,88,0
DP-70D3D4,CHK-107067,time_amount,220,0
DP-70E580,CHK-105088,exact_ref,109,0
DP-70F78A,CHK-107058,exact_ref,107,100
DP-70F83E,CHK-107096,exact_ref,106,0
DP-716496,CHK-105012,exact_ref,10,0
DP-71F850,CHK-105641,exact_ref,97,0
DP-7221B6,CHK-106711,time_amount,52,100
DP-726DAC,CHK-104702,exact_ref,5,0
DP-72DF6F,CHK-104722,time_amount,316,0
DP-734882,CHK-106376,exact_ref,34,100
DP-735AD0,CHK-105784,exact_ref,129,100
DP-7408D9,CHK-104279,time_amount,208,0
DP-7612CA,CHK-105455,exact_ref,29,0
DP-7645D4,CHK-106474,exact_ref,14,0
DP-765D62,CHK-105168,exact_ref,22,100
DP-76E7C6,CHK-104885,exact_ref,28,0
DP-77592C,CHK-106552,exact_ref,82,0
DP-77E550,CHK-106115,time_amount,203,0
DP-7803C7,CHK-105016,exact_ref,34,0
DP-788E97,CHK-106046,exact_ref,105,0
DP-78AD9A,CHK-106606,exact_ref,113,0
DP-791CCD,CHK-104444,exact_ref,48,0
DP-793BAA,CHK-106929,exact_ref,31,0
DP-796491,CHK-105304,time_amount,173,0
DP-7A1ABF,CHK-105622,time_amount,140,0
DP-7A8B81,CHK-105916,exact_ref,47,0
DP-7A9A17,CHK-106374,exact_ref,129,0
DP-7ADAAF,CHK-104741,exact_ref,64,0
DP-7B0B79,CHK-107066,time_amount,224,0
DP-7B56D3,CHK-105817,exact_ref,150,0
DP-7BF07E,CHK-106703,exact_ref,68,0
DP-7C4D8F,CHK-106388,time_amount,177,0
DP-7C9C41,CHK-106003,exact_ref,66,100
DP-7CCF84,CHK-104662,exact_ref,75,0
DP-7CE9C9,CHK-105867,exact_ref,66,0
DP-7D2306,CHK-104379,time_amount,244,0
DP-7E3D3D,CHK-106291,exact_ref,74,0
DP-7EB2A1,CHK-104750,exact_ref,141,0
DP-7ED747,CHK-105221,time_amount,303,0
DP-7F51A2,CHK-104660,time_amount,38,0
DP-7F78DF,CHK-104087,time_amount,333,0
DP-7FC37F,CHK-104394,exact_ref,28,0
DP-7FF8D1,CHK-105610,exact_ref,93,0
DP-80627D,CHK-104110,exact_ref,74,0
DP-8099F4,CHK-104143,time_amount,123,0
DP-80B331,CHK-106272,exact_ref,59,0
DP-80C826,CHK-105770,exact_ref,122,0
DP-815A14,CHK-105777,exact_ref,25,100
DP-81DBCB,CHK-106916,exact_ref,99,0
DP-81F519,CHK-104655,exact_ref,5,0
DP-81FD5A,CHK-106934,time_amount,161,0
DP-8212DF,CHK-106647,exact_ref,8,100
DP-822607,CHK-106878,exact_ref,124,0
DP-82EC68,CHK-105495,exact_ref,67,100
DP-8327BE,CHK-105807,time_amount,320,100
DP-836D57,CHK-106923,exact_ref,99,500
DP-837530,CHK-106051,time_amount,238,100
DP-8379FA,CHK-105224,exact_ref,14,0
DP-840FDE,CHK-106915,exact_ref,73,0
DP-8476A8,CHK-107048,time_amount,217,0
DP-847F76,CHK-106106,exact_ref,27,0
DP-84B27B,CHK-104028,exact_ref,35,0
DP-84E689,CHK-106896,exact_ref,5,0
DP-858F9A,CHK-104170,time_amount,247,0
DP-85E2F6,CHK-104680,exact_ref,38,0
DP-860AA5,CHK-105287,exact_ref,41,100
DP-86351E,CHK-104466,exact_ref,80,0
DP-864D06,CHK-105052,exact_ref,118,0
DP-865571,CHK-105642,exact_ref,7,0
DP-86A2EB,CHK-104271,exact_ref,28,0
DP-86B5D4,CHK-105015,exact_ref,124,0
DP-86F71D,CHK-105600,exact_ref,51,0
DP-870CB4,CHK-107006,exact_ref,32,0
DP-87697C,CHK-107053,exact_ref,69,0
DP-876FFD,CHK-105476,exact_ref,23,0
DP-878F34,CHK-104981,exact_ref,85,0
DP-880F24,CHK-105537,time_amount,320,0
DP-880FD4,CHK-105387,time_amount,345,0
DP-88AD8B,CHK-105357,exact_ref,88,0
DP-88CB65,CHK-106944,time_amount,235,0
DP-891379,CHK-105744,exact_ref,48,100
DP-893CCB,CHK-104215,exact_ref,52,0
DP-898D62,CHK-104590,exact_ref,25,0
DP-89F483,CHK-105843,exact_ref,102,100
DP-89FE25,CHK-106253,exact_ref,57,100
DP-8A3458,CHK-106500,exact_ref,66,1000
DP-8B126D,CHK-104934,exact_ref,116,0
DP-8B716B,CHK-104486,exact_ref,22,0
DP-8B8C2B,CHK-104293,exact_ref,8,0
DP-8BEFA0,CHK-104365,exact_ref,99,0
DP-8C8EBE,CHK-104571,exact_ref,44,0
DP-8CB37F,CHK-104171,exact_ref,55,0
DP-8D3581,CHK-106103,exact_ref,26,0
DP-8E227F,CHK-104652,exact_ref,86,0
DP-8E37B3,CHK-106696,exact_ref,1,100
DP-8ECF7A,CHK-104533,exact_ref,72,0
DP-8F258C,CHK-105389,exact_ref,3,0
DP-8F341D,CHK-105217,time_amount,241,0
DP-8FED8A,CHK-104106,exact_ref,103,0
DP-907A5C,CHK-105405,exact_ref,90,100
DP-90AF28,CHK-106740,exact_ref,79,0
DP-918795,CHK-104357,exact_ref,38,0
DP-91B10B,CHK-104639,exact_ref,114,0
DP-9220A0,CHK-106309,time_amount,114,0
DP-9273D7,CHK-104117,exact_ref,25,0
DP-928AC8,CHK-105073,exact_ref,27,0
DP-92A7E1,CHK-105375,time_amount,134,0
DP-93D20A,CHK-106306,exact_ref,93,100
DP-93D469,CHK-106149,exact_ref,20,0
DP-940E8F,CHK-106182,exact_ref,29,0
DP-9458CE,CHK-104955,exact_ref,68,0
DP-949B04,CHK-104459,exact_ref,62,0
DP-94BAD5,CHK-104469,exact_ref,99,0
DP-94C20F,CHK-106303,exact_ref,73,100
DP-94E2CB,CHK-104471,exact_ref,6,0
DP-9501F8,CHK-104834,exact_ref,31,0
DP-952EB9,CHK-104156,exact_ref,54,0
DP-959F92,CHK-105122,time_amount,26,200
DP-95CC44,CHK-107039,exact_ref,65,100
DP-95F97D,CHK-106936,time_amount,54,0
DP-95FD49,CHK-104795,time_amount,319,0
DP-9621D4,CHK-105334,exact_ref,63,0
DP-965767,CHK-107002,exact_ref,77,0
DP-96B163,CHK-104620,exact_ref,18,0
DP-971881,CHK-106372,exact_ref,92,0
DP-977FB1,CHK-104850,exact_ref,146,0
DP-982E2A,CHK-105452,exact_ref,4,100
DP-98BC56,CHK-105517,exact_ref,66,0
DP-98FC18,CHK-106560,exact_ref,54,0
DP-994045,CHK-107103,time_amount,176,0
DP-994EF7,CHK-107050,exact_ref,35,100
DP-99833C,CHK-105408,exact_ref,119,0
DP-99834D,CHK-104362,exact_ref,90,0
DP-998524,CHK-105666,exact_ref,8,0
DP-99A2E0,CHK-104421,exact_ref,82,0
DP-9A1014,CHK-104798,exact_ref,3,0
DP-9A6669,CHK-104439,exact_ref,34,0
DP-9ACB69,CHK-105547,time_amount,335,100
DP-9BE481,CHK-106858,time_amount,224,0
DP-9C12BA,CHK-104688,exact_ref,103,0
DP-9C51E4,CHK-105768,exact_ref,90,0
DP-9C8269,CHK-106185,exact_ref,10,0
DP-9D0E8B,CHK-105367,exact_ref,52,0
DP-9D11B1,CHK-106733,exact_ref,141,0
DP-9DEA7D,CHK-105242,exact_ref,107,0
DP-9E8CDA,CHK-106615,exact_ref,83,0
DP-9EAB03,CHK-106286,exact_ref,85,0
DP-9F9860,CHK-105035,time_amount,89,0
DP-9FE700,CHK-104758,time_amount,273,0
DP-9FF1DF,CHK-106416,exact_ref,34,0
DP-A00F82,CHK-105994,time_amount,243,0
DP-A05396,CHK-106756,time_amount,229,0
DP-A0C302,CHK-104456,exact_ref,109,0
DP-A16CE3,CHK-106538,exact_ref,9,0
DP-A29ECD,CHK-104627,exact_ref,48,0
DP-A30EC4,CHK-104973,exact_ref,104,0
DP-A312BE,CHK-105219,exact_ref,11,0
DP-A38E86,CHK-105498,exact_ref,114,0
DP-A400C2,CHK-105249,exact_ref,77,0
DP-A41475,CHK-106461,exact_ref,52,0
DP-A48165,CHK-106403,exact_ref,55,0
DP-A497FE,CHK-104986,exact_ref,42,0
DP-A68F81,CHK-104036,time_amount,103,0
DP-A6ADE1,CHK-106337,time_amount,146,0
DP-A7158B,CHK-106087,exact_ref,53,0
DP-A792A4,CHK-106697,exact_ref,29,0
DP-A7FCDD,CHK-105730,time_amount,312,100
DP-A81C83,CHK-105350,exact_ref,94,0
DP-A8697A,CHK-105213,time_amount,260,0
DP-A89864,CHK-104889,exact_ref,0,0
DP-A8E18E,CHK-106523,time_amount,336,0
DP-A9660B,CHK-107026,exact_ref,129,0
DP-A9D0D4,CHK-106521,time_amount,162,0
DP-A9E434,CHK-105085,exact_ref,63,0
DP-A9FA73,CHK-107007,exact_ref,3,100
DP-A9FFC4,CHK-105578,time_amount,322,0
DP-AA3E82,CHK-106844,exact_ref,64,0
DP-AB65AD,CHK-106420,exact_ref,40,0
DP-AB6C14,CHK-105211,exact_ref,5,0
DP-AB8D81,CHK-104734,exact_ref,77,0
DP-AB94C4,CHK-104383,exact_ref,110,0
DP-AC3ED0,CHK-105724,exact_ref,126,0
DP-AC6C50,CHK-104878,exact_ref,112,0
DP-ACB9DD,CHK-106041,exact_ref,28,0
DP-ACC3BB,CHK-104352,exact_ref,89,0
DP-ACE2A0,CHK-105941,exact_ref,18,100
DP-AD416D,CHK-106910,exact_ref,46,0
DP-AD6A73,CHK-104716,exact_ref,144,0
DP-AE56ED,CHK-105648,time_amount,70,0
DP-AEDE5F,CHK-104073,exact_ref,71,0
DP-AEEE6F,CHK-104059,time_amount,175,0
DP-AF32D9,CHK-107083,exact_ref,5,100
DP-AF3ABC,CHK-105545,exact_ref,136,0
DP-AF8AA6,CHK-105480,exact_ref,1,0
DP-AF981C,CHK-104554,exact_ref,52,0
DP-B09EDB,CHK-106868,exact_ref,92,0
DP-B13CBE,CHK-104732,exact_ref,86,0
DP-B1558D,CHK-106067,time_amount,179,0
DP-B1FF00,CHK-104282,exact_ref,95,0
DP-B2A752,CHK-104448,time_amount,272,0
DP-B2AF19,CHK-106528,exact_ref,0,0
DP-B4ABD5,CHK-105542,exact_ref,112,0
DP-B4C7A6,CHK-106038,exact_ref,47,0
DP-B5435F,CHK-106824,exact_ref,44,0
DP-B591C4,CHK-106230,exact_ref,96,0
DP-B5B8F0,CHK-106891,exact_ref,24,0
DP-B5E2FA,CHK-106171,exact_ref,62,100
DP-B69DE4,CHK-105238,exact_ref,1,0
DP-B7215F,CHK-106773,time_amount,94,0
DP-B7495C,CHK-105427,exact_ref,122,100
DP-B74F21,CHK-104004,exact_ref,11,0
DP-B7E9B9,CHK-105194,exact_ref,38,0
DP-B8368A,CHK-106851,time_amount,239,0
DP-B8520C,CHK-106385,time_amount,71,0
DP-B9247D,CHK-106786,time_amount,85,100
DP-B92F83,CHK-106556,exact_ref,73,100
DP-B9FD33,CHK-106996,exact_ref,67,0
DP-BA2B25,CHK-105445,time_amount,123,0
DP-BACD89,CHK-105120,time_amount,217,0
DP-BBC8E5,CHK-104552,time_amount,123,0
DP-BC451D,CHK-104418,exact_ref,33,0
DP-BC6AAF,CHK-106058,exact_ref,76,0
DP-BC8F7F,CHK-106317,exact_ref,105,100
DP-BCC5B3,CHK-106179,exact_ref,90,0
DP-BCC602,CHK-104531,exact_ref,25,0
DP-BCD5C2,CHK-104311,exact_ref,93,0
DP-BCE4B0,CHK-104344,exact_ref,74,0
DP-BD260F,CHK-105755,exact_ref,72,0
DP-BD98DF,CHK-106541,exact_ref,5,100
DP-BDEDDE,CHK-105136,exact_ref,66,100
DP-BE87A4,CHK-105997,exact_ref,33,100
DP-BFBE54,CHK-106544,exact_ref,34,0
DP-C037CE,CHK-104606,exact_ref,102,0
DP-C06EDC,CHK-104351,exact_ref,10,0
DP-C0ED16,CHK-104129,exact_ref,144,0
DP-C0F1CC,CHK-105188,exact_ref,80,0
DP-C13333,CHK-105363,time_amount,240,100
DP-C1550C,CHK-106009,exact_ref,7,0
DP-C18292,CHK-105765,exact_ref,32,100
DP-C1F503,CHK-106630,exact_ref,73,0
DP-C3A4DA,CHK-104831,time_amount,204,0
DP-C47009,CHK-104261,exact_ref,85,0
DP-C47136,CHK-104188,exact_ref,95,0
DP-C4C0EE,CHK-105138,exact_ref,132,100
DP-C4F3E9,CHK-105431,exact_ref,133,100
DP-C510F6,CHK-106736,exact_ref,40,0
DP-C54898,CHK-104322,exact_ref,48,0
DP-C5CE37,CHK-106169,exact_ref,39,1600
DP-C5CF51,CHK-107072,exact_ref,51,0
DP-C751AB,CHK-106333,exact_ref,20,100
DP-C768F4,CHK-105240,time_amount,169,0
DP-C7AFEE,CHK-104910,exact_ref,54,0
DP-C7CBBF,CHK-104492,exact_ref,80,0
DP-C7F169,CHK-106785,time_amount,199,100
DP-C8D29E,CHK-106480,exact_ref,60,0
DP-C90B25,CHK-105391,exact_ref,129,0
DP-C915FE,CHK-104528,exact_ref,20,0
DP-C97151,CHK-107037,exact_ref,93,100
DP-C9A014,CHK-104898,exact_ref,97,0
DP-C9AF9F,CHK-104189,time_amount,335,0
DP-CA5E02,CHK-104948,time_amount,169,0
DP-CAABFB,CHK-106497,exact_ref,85,0
DP-CACAEA,CHK-104328,exact_ref,139,0
DP-CAD94A,CHK-106596,exact_ref,87,200
DP-CAF127,CHK-104153,exact_ref,40,0
DP-CB3D48,CHK-104509,exact_ref,13,0
DP-CBCF92,CHK-104961,time_amount,231,0
DP-CBD494,CHK-104644,exact_ref,101,0
DP-CBDA47,CHK-104391,exact_ref,72,0
DP-CBFCF8,CHK-104789,exact_ref,7,0
DP-CC09F0,CHK-105514,exact_ref,18,100
DP-CC131E,CHK-106531,exact_ref,117,0
DP-CC4F14,CHK-104147,exact_ref,59,0
DP-CC6273,CHK-104103,time_amount,96,0
DP-CCBA28,CHK-106612,exact_ref,140,0
DP-CD581E,CHK-106687,exact_ref,85,200
DP-CE501E,CHK-106746,exact_ref,120,0
DP-CED3A0,CHK-104872,time_amount,353,0
DP-D0043C,CHK-105246,exact_ref,41,0
DP-D06BD2,CHK-104051,exact_ref,9,0
DP-D07F43,CHK-106276,exact_ref,32,200
DP-D086FF,CHK-105259,exact_ref,36,0
DP-D128A2,CHK-105205,time_amount,60,0
DP-D1B237,CHK-104341,exact_ref,13,0
DP-D1F3F3,CHK-106658,time_amount,100,100
DP-D23446,CHK-104882,exact_ref,89,0
DP-D273E3,CHK-104132,exact_ref,121,0
DP-D3BD1F,CHK-105811,time_amount,242,0
DP-D3E195,CHK-104415,time_amount,192,0
DP-D425FC,CHK-105645,exact_ref,126,0
DP-D4C713,CHK-104998,exact_ref,136,0
DP-D579F2,CHK-105572,exact_ref,60,100
DP-D61984,CHK-106503,exact_ref,39,200
DP-D63982,CHK-105698,time_amount,170,100
DP-D66093,CHK-106818,exact_ref,19,0
DP-D696C5,CHK-105090,exact_ref,26,0
DP-D6F269,CHK-104801,exact_ref,91,0
DP-D70837,CHK-104828,exact_ref,27,0
DP-D74578,CHK-105049,exact_ref,66,0
DP-D76444,CHK-106601,exact_ref,20,200
DP-D77F1B,CHK-104960,time_amount,142,0
DP-D85CE7,CHK-105198,exact_ref,29,100
DP-D8F08C,CHK-106821,exact_ref,117,0
DP-D8F97C,CHK-105258,exact_ref,59,0
DP-D970B6,CHK-104584,exact_ref,39,0
DP-D9CC78,CHK-105810,exact_ref,24,100
DP-DA0F65,CHK-105621,exact_ref,98,0
DP-DA4684,CHK-105133,time_amount,109,0
DP-DA6DC8,CHK-104803,exact_ref,132,0
DP-DB03CF,CHK-106718,time_amount,230,0
DP-DB34D8,CHK-104525,exact_ref,143,0
DP-DBCB09,CHK-104752,time_amount,239,0
DP-DC4342,CHK-106257,time_amount,29,0
DP-DC86F8,CHK-105406,exact_ref,103,100
DP-DDB686,CHK-106743,time_amount,154,0
DP-DE0F43,CHK-106863,exact_ref,89,0
DP-DEE296,CHK-107069,exact_ref,123,200
DP-DF7BBD,CHK-106932,time_amount,105,100
DP-DFAED7,CHK-106534,time_amount,171,100
DP-DFBCC2,CHK-104990,exact_ref,23,0
DP-E07737,CHK-107124,time_amount,21,0
DP-E0E279,CHK-105418,exact_ref,86,100
DP-E1A019,CHK-106355,exact_ref,4,0
DP-E1AE32,CHK-106449,exact_ref,60,0
DP-E1B458,CHK-106448,exact_ref,35,0
DP-E294BC,CHK-105751,time_amount,145,0
DP-E2A140,CHK-105449,exact_ref,112,100
DP-E2E4CC,CHK-106680,exact_ref,30,0
DP-E3A82B,CHK-105328,exact_ref,19,100
DP-E40FDA,CHK-105099,exact_ref,75,0
DP-E45ED9,CHK-104583,exact_ref,43,0
DP-E46C31,CHK-106494,time_amount,287,100
DP-E47214,CHK-104700,time_amount,57,0
DP-E4766B,CHK-105624,exact_ref,98,0
DP-E518CA,CHK-104098,exact_ref,16,0
DP-E51C46,CHK-105302,exact_ref,22,0
DP-E70BBF,CHK-106809,exact_ref,43,0
DP-E771AC,CHK-104451,exact_ref,144,0
DP-E89873,CHK-104112,time_amount,184,0
DP-E8BDC9,CHK-106678,time_amount,239,100
DP-E92535,CHK-104902,exact_ref,136,0
DP-E9F2EE,CHK-105919,exact_ref,18,0
DP-EA2913,CHK-104347,exact_ref,116,0
DP-EA3C8F,CHK-105942,exact_ref,18,100
DP-EA72C9,CHK-105063,exact_ref,90,0
DP-EACF44,CHK-104815,exact_ref,90,0
DP-EAF8A3,CHK-106993,exact_ref,97,100
DP-EBBE5D,CHK-106836,exact_ref,3,0
DP-EBD66C,CHK-105284,time_amount,147,100
DP-EBFBF9,CHK-105469,time_amount,211,0
DP-EC501D,CHK-106759,exact_ref,6,0
DP-EC5A84,CHK-106632,time_amount,213,0
DP-ECB75D,CHK-104651,exact_ref,114,0
DP-ED10C8,CHK-106990,time_amount,181,0
DP-EDC310,CHK-105931,exact_ref,22,0
DP-EDCF78,CHK-105308,exact_ref,47,0
DP-EE51A4,CHK-105538,exact_ref,14,0
DP-EE54BD,CHK-105038,exact_ref,28,0
DP-EEA2A6,CHK-104892,exact_ref,34,0
DP-EECEBA,CHK-105430,exact_ref,89,0
DP-EF2446,CHK-106491,exact_ref,99,100
DP-EF7748,CHK-104625,exact_ref,36,0
DP-EFB171,CHK-104855,exact_ref,98,0
DP-EFE48E,CHK-106415,time_amount,192,0
DP-F03C68,CHK-105598,exact_ref,48,0
DP-F0794A,CHK-106977,exact_ref,117,100
DP-F0975D,CHK-106745,exact_ref,86,0
DP-F0C1F2,CHK-105549,exact_ref,54,0
DP-F0D5B8,CHK-105446,exact_ref,53,0
DP-F0F3AF,CHK-105399,time_amount,168,0
DP-F1FBC3,CHK-105594,exact_ref,52,0
DP-F21B2D,CHK-105183,exact_ref,109,0
DP-F2A0EC,CHK-104941,exact_ref,61,0
DP-F2DFB6,CHK-106840,exact_ref,87,0
DP-F32FE4,CHK-106160,exact_ref,16,0
DP-F338DA,CHK-106832,time_amount,184,100
DP-F3EA3E,CHK-104633,exact_ref,98,0
DP-F4218C,CHK-107020,exact_ref,91,0
DP-F46961,CHK-104022,time_amount,50,0
DP-F4EA40,CHK-104746,exact_ref,129,0
DP-F4EABC,CHK-105306,exact_ref,45,100
DP-F5D103,CHK-106225,exact_ref,5,0
DP-F62F25,CHK-104883,exact_ref,135,0
DP-F646C9,CHK-106458,exact_ref,34,0
DP-F68086,CHK-105534,time_amount,84,100
DP-F6C1B1,CHK-105397,exact_ref,46,0
DP-F72892,CHK-105079,exact_ref,84,0
DP-F7C0E9,CHK-106798,exact_ref,15,0
DP-F8734E,CHK-105442,time_amount,232,100
DP-F893D0,CHK-105722,exact_ref,93,0
DP-F94666,CHK-104995,exact_ref,34,0
DP-FA37B7,CHK-105381,exact_ref,5,100
DP-FA8C05,CHK-104887,exact_ref,55,0
DP-FB5DED,CHK-106478,exact_ref,123,100
DP-FC220E,CHK-104848,exact_ref,7,0
DP-FC89E9,CHK-106026,exact_ref,92,200
DP-FCA5EA,CHK-104196,exact_ref,59,0
DP-FCE7F4,CHK-107094,exact_ref,35,0
DP-FD633D,CHK-104013,time_amount,79,0
DP-FE7DEF,CHK-107036,time_amount,259,0
DP-FF4ACC,CHK-105042,time_amount,221,0
DP-FF5F62,CHK-107014,exact_ref,98,0
DP-FF65D0,CHK-104498,exact_ref,83,0
DP-FF8FB8,CHK-106911,exact_ref,12,0
DP-FF9C4A,CHK-105889,time_amount,294,100
