platform_order_id,check_id,issues
DP-B74F21,CHK-104004,
DP-5E0853,CHK-104006,
DP-1722F2,CHK-104009,
DP-2A0770,CHK-104012,
DP-FD633D,CHK-104013,
DP-2E3102,CHK-104019,
DP-F46961,CHK-104022,
DP-12DA86,CHK-104025,
DP-84B27B,CHK-104028,
DP-A68F81,CHK-104036,
DP-41B4D4,CHK-104041,
DP-5D05AD,CHK-104048,CANCELLED_NOT_VOIDED
DP-28BCA0,CHK-104046,
DP-D06BD2,CHK-104051,
DP-AEEE6F,CHK-104059,
DP-2ED6CF,CHK-104068,
DP-AEDE5F,CHK-104073,
DP-462DDA,CHK-104075,
DP-7F78DF,CHK-104087,
DP-E518CA,CHK-104098,
DP-076047,CHK-104102,
DP-CC6273,CHK-104103,
DP-8FED8A,CHK-104106,
DP-80627D,CHK-104110,
DP-E89873,CHK-104112,
DP-481194,CHK-104114,
DP-9273D7,CHK-104117,
DP-250DEF,CHK-104119,
DP-1599E3,CHK-104125,
DP-0815FE,CHK-104128,
DP-C0ED16,CHK-104129,
DP-D273E3,CHK-104132,
DP-8099F4,CHK-104143,
DP-CC4F14,CHK-104147,
DP-CAF127,CHK-104153,
DP-7D5552,,MISSING_IN_POS
DP-952EB9,CHK-104156,
DP-1F97B7,CHK-104165,
DP-858F9A,CHK-104170,
DP-8CB37F,CHK-104171,
DP-4CEBD4,CHK-104182,
DP-C9AF9F,CHK-104189,
DP-C47136,CHK-104188,
DP-FCA5EA,CHK-104196,
DP-893CCB,CHK-104215,
DP-17713D,CHK-104223,
DP-2715D5,CHK-104233,CANCELLED_NOT_VOIDED
DP-63A5E8,CHK-104243,
DP-708C7E,CHK-104234,
DP-4F4EBD,CHK-104251,
DP-45AE36,CHK-104255,
DP-212F19,CHK-104258,
DP-C47009,CHK-104261,
DP-171CE7,CHK-104263,
DP-5DF1BC,CHK-104268,
DP-86A2EB,CHK-104271,
DP-3F76C7,CHK-104277,
DP-7408D9,CHK-104279,
DP-B54F51,,MISSING_IN_POS
DP-B1FF00,CHK-104282,
DP-8B8C2B,CHK-104293,
DP-3176F8,CHK-104297,
DP-2957CA,CHK-104299,
DP-BCD5C2,CHK-104311,
DP-425DED,CHK-104316,
DP-C54898,CHK-104322,
DP-CACAEA,CHK-104328,
DP-650E6E,CHK-104340,
DP-D1B237,CHK-104341,
DP-BCE4B0,CHK-104344,
DP-EA2913,CHK-104347,
DP-C06EDC,CHK-104351,
DP-ACC3BB,CHK-104352,
DP-5F945A,CHK-104354,
DP-918795,CHK-104357,
DP-1E8B2E,CHK-104360,
DP-99834D,CHK-104362,
DP-8BEFA0,CHK-104365,
DP-113E03,CHK-104377,
DP-7D2306,CHK-104379,LATE
DP-AB94C4,CHK-104383,
DP-CBDA47,CHK-104391,
DP-7FC37F,CHK-104394,
DP-1C9DDC,CHK-104400,
DP-D3E195,CHK-104415,
DP-0AD828,CHK-104416,
DP-BC451D,CHK-104418,
DP-99A2E0,CHK-104421,
DP-0A0C93,CHK-104431,
DP-9A6669,CHK-104439,
DP-168598,CHK-104442,
DP-791CCD,CHK-104444,
DP-53C1D8,CHK-104445,ITEM_REMOVED|PRICE_MISMATCH
DP-B2A752,CHK-104448,
DP-E771AC,CHK-104451,
DP-0266D3,CHK-104462,
DP-A0C302,CHK-104456,
DP-949B04,CHK-104459,
DP-86351E,CHK-104466,
DP-94BAD5,CHK-104469,
DP-284682,CHK-104474,LATE
DP-94E2CB,CHK-104471,
DP-8B716B,CHK-104486,
DP-C7CBBF,CHK-104492,
DP-FF65D0,CHK-104498,
DP-26EFF5,CHK-104500,
DP-6D435F,CHK-104507,
DP-CB3D48,CHK-104509,
DP-DB34D8,CHK-104525,
DP-37E536,CHK-104522,LATE
DP-C915FE,CHK-104528,
DP-BCC602,CHK-104531,
DP-8ECF7A,CHK-104533,
DP-2CA25F,CHK-104539,
DP-32F01F,CHK-104545,
DP-1BC5E3,CHK-104544,
DP-BBC8E5,CHK-104552,
DP-AF981C,CHK-104554,
DP-59BAFE,CHK-104564,
DP-8C8EBE,CHK-104571,
DP-23842C,CHK-104578,
DP-E45ED9,CHK-104583,
DP-D970B6,CHK-104584,
DP-898D62,CHK-104590,DUPLICATE_EXPORT_ROW
DP-240F6A,CHK-104591,
DP-C037CE,CHK-104606,
DP-96B163,CHK-104620,
DP-EF7748,CHK-104625,
DP-A29ECD,CHK-104627,
DP-F3EA3E,CHK-104633,
DP-044E9C,CHK-104636,
DP-91B10B,CHK-104639,
DP-CBD494,CHK-104644,
DP-ECB75D,CHK-104651,
DP-8E227F,CHK-104652,LATE
DP-81F519,CHK-104655,
DP-7F51A2,CHK-104660,
DP-7CCF84,CHK-104662,
DP-38CE76,,MISSING_IN_POS
DP-3EB798,CHK-104669,
DP-53589E,CHK-104675,
DP-85E2F6,CHK-104680,
DP-01C84A,CHK-104686,
DP-9C12BA,CHK-104688,
DP-641607,CHK-104697,
DP-E47214,CHK-104700,
DP-726DAC,CHK-104702,
DP-143C50,CHK-104704,
DP-15F29B,CHK-104713,
DP-4FF551,CHK-104711,
DP-AD6A73,CHK-104716,
DP-4E6B86,CHK-104718,
DP-72DF6F,CHK-104722,
DP-1DCF3E,CHK-104728,
DP-4C5BE0,CHK-104730,
DP-B13CBE,CHK-104732,
DP-AB8D81,CHK-104734,
DP-26E22C,CHK-104740,
DP-7ADAAF,CHK-104741,
DP-595545,CHK-104743,
DP-F4EA40,CHK-104746,
DP-7EB2A1,CHK-104750,
DP-DBCB09,CHK-104752,
DP-2469FA,CHK-104756,
DP-9FE700,CHK-104758,
DP-2BFD8F,CHK-104760,
DP-535AA9,CHK-104765,
DP-3DE234,CHK-104763,
DP-2D320F,CHK-104767,
DP-65B024,CHK-104772,DUPLICATE_EXPORT_ROW
DP-36FB5E,CHK-104782,
DP-12AF3C,CHK-104785,
DP-234CC3,CHK-104786,
DP-CBFCF8,CHK-104789,
DP-32FE69,CHK-104792,LATE
DP-95FD49,CHK-104795,
DP-9A1014,CHK-104798,
DP-1EDD80,CHK-104799,
DP-D6F269,CHK-104801,
DP-DA6DC8,CHK-104803,
DP-16BE47,CHK-104811,
DP-079EFD,CHK-104812,
,CHK-104647,POS_ONLY_DELIVERY
DP-EACF44,CHK-104815,
DP-509326,CHK-104818,
DP-0AD5D0,CHK-104821,
DP-C3A4DA,CHK-104831,
DP-D70837,CHK-104828,
DP-9501F8,CHK-104834,LATE
DP-6AA8E8,CHK-104842,
DP-FC220E,CHK-104848,
DP-977FB1,CHK-104850,
DP-242487,CHK-104851,LATE
DP-EFB171,CHK-104855,
DP-0FD0A8,CHK-104861,
DP-11CA24,CHK-104871,
DP-CED3A0,CHK-104872,CANCELLED_NOT_VOIDED
DP-1149DB,CHK-104870,
DP-662A6F,CHK-104874,
DP-AC6C50,CHK-104878,
DP-5A7560,CHK-104880,
DP-D23446,CHK-104882,
DP-F62F25,CHK-104883,
DP-76E7C6,CHK-104885,
DP-FA8C05,CHK-104887,
DP-A89864,CHK-104889,
DP-EEA2A6,CHK-104892,LATE
DP-C9A014,CHK-104898,
DP-E92535,CHK-104902,
DP-34DF2C,CHK-104905,
DP-C7AFEE,CHK-104910,
DP-3C1758,CHK-104914,
DP-02ECAC,CHK-104920,
DP-03593C,CHK-104926,
DP-3C9E10,CHK-104928,
DP-551D3A,CHK-104929,
DP-8B126D,CHK-104934,
DP-F2A0EC,CHK-104941,
DP-17EA48,CHK-104943,LATE
DP-CA5E02,CHK-104948,LATE
DP-5799E6,CHK-104954,
DP-9458CE,CHK-104955,
DP-CBCF92,CHK-104961,LATE
DP-D77F1B,CHK-104960,LATE
DP-26D5D8,CHK-104965,
DP-032DD9,CHK-104967,
DP-DE3529,,MISSING_IN_POS
DP-01360C,CHK-104971,
DP-A30EC4,CHK-104973,
DP-0B1AE7,CHK-104977,
DP-14F29E,CHK-104980,
DP-878F34,CHK-104981,
DP-63B4AC,CHK-104984,
DP-A497FE,CHK-104986,
DP-6F9C1A,CHK-104989,
DP-DFBCC2,CHK-104990,
DP-F94666,CHK-104995,LATE
DP-D4C713,CHK-104998,
DP-323F70,CHK-105002,
DP-0CF236,CHK-105004,LATE
DP-5D0791,,MISSING_IN_POS
DP-716496,CHK-105012,
DP-86B5D4,CHK-105015,LATE
DP-7803C7,CHK-105016,
DP-5BCF48,CHK-105024,
DP-BE98D7,,LATE|MISSING_IN_POS
DP-25129F,,MISSING_IN_POS
DP-0DB71E,CHK-105028,
DP-9F9860,CHK-105035,
DP-5CB03D,CHK-105041,LATE
DP-EE54BD,CHK-105038,
DP-FF4ACC,CHK-105042,
DP-D74578,CHK-105049,
DP-864D06,CHK-105052,
,CHK-104911,POS_ONLY_DELIVERY
DP-68568C,CHK-105053,
DP-2E518D,CHK-105057,
DP-EA72C9,CHK-105063,
DP-F18D33,,
DP-0E94C1,CHK-105067,PRICE_MISMATCH
DP-3B3071,CHK-105070,
DP-928AC8,CHK-105073,
DP-F72892,CHK-105079,
DP-A9E434,CHK-105085,
DP-70E580,CHK-105088,
DP-D696C5,CHK-105090,
DP-378F65,CHK-105094,
DP-E40FDA,CHK-105099,
DP-54339A,CHK-105105,
DP-04D74B,CHK-105115,
DP-BACD89,CHK-105120,
DP-959F92,CHK-105122,PRICE_MISMATCH
DP-42846D,CHK-105125,
DP-DA4684,CHK-105133,
DP-BDEDDE,CHK-105136,PRICE_MISMATCH
DP-C4C0EE,CHK-105138,PRICE_MISMATCH
DP-474990,CHK-105149,PRICE_MISMATCH
DP-578E3D,CHK-105151,PRICE_MISMATCH
DP-3EDD40,CHK-105159,
DP-5B6BC2,CHK-105160,
DP-584ABC,CHK-105162,PRICE_MISMATCH
DP-5CD218,CHK-105165,
DP-765D62,CHK-105168,PRICE_MISMATCH
DP-6FBB42,CHK-105171,
DP-59279C,CHK-105180,CANCELLED_NOT_VOIDED
DP-F21B2D,CHK-105183,LATE
DP-C0F1CC,CHK-105188,
DP-107121,CHK-105191,
DP-B7E9B9,CHK-105194,
DP-417EE3,CHK-105196,PRICE_MISMATCH
DP-191B0A,CHK-105201,PRICE_MISMATCH
DP-D85CE7,CHK-105198,PRICE_MISMATCH
DP-039A85,,
DP-D128A2,CHK-105205,
DP-171880,CHK-105208,PRICE_MISMATCH
DP-ADBF90,,MISSING_IN_POS
DP-AB6C14,CHK-105211,
DP-A8697A,CHK-105213,LATE
DP-7ED747,CHK-105221,LATE
DP-8F341D,CHK-105217,
DP-A312BE,CHK-105219,
DP-8379FA,CHK-105224,
DP-398FE7,CHK-105229,LATE
DP-B69DE4,CHK-105238,LATE
DP-A8E2A1,,MISSING_IN_POS
DP-C768F4,CHK-105240,
DP-8C7BF5,,MISSING_IN_POS
DP-9DEA7D,CHK-105242,
DP-6D1A8A,CHK-105243,
DP-A400C2,CHK-105249,
DP-70103C,CHK-105251,PRICE_MISMATCH
DP-D0043C,CHK-105246,
DP-D8F97C,CHK-105258,
DP-2356F7,CHK-105261,
DP-D086FF,CHK-105259,
DP-31DF5F,CHK-105269,
DP-6B8FE6,CHK-105271,LATE|PRICE_MISMATCH
DP-7B0689,,MISSING_IN_POS
DP-5834CA,,MISSING_IN_POS
DP-445F0A,CHK-105283,PRICE_MISMATCH
DP-26584D,,MISSING_IN_POS
DP-EBD66C,CHK-105284,LATE|PRICE_MISMATCH
DP-18810F,CHK-105286,CANCELLED_NOT_VOIDED
DP-860AA5,CHK-105287,LATE|PRICE_MISMATCH
DP-098B3A,CHK-105298,LATE
DP-796491,CHK-105304,
DP-E51C46,CHK-105302,
DP-F4EABC,CHK-105306,LATE|PRICE_MISMATCH
DP-EDCF78,CHK-105308,
,CHK-105161,POS_ONLY_DELIVERY
DP-E3A82B,CHK-105328,PRICE_MISMATCH
DP-5C6470,CHK-105333,
DP-4D681C,,MISSING_IN_POS
DP-9621D4,CHK-105334,
DP-346E48,CHK-105343,PRICE_MISMATCH
DP-A81C83,CHK-105350,
DP-88AD8B,CHK-105357,
DP-C13333,CHK-105363,PRICE_MISMATCH
DP-9D0E8B,CHK-105367,
DP-5F2AB7,CHK-105372,
DP-36995C,CHK-105374,
DP-92A7E1,CHK-105375,
DP-6D5CC8,CHK-105377,
DP-FA37B7,CHK-105381,PRICE_MISMATCH
DP-880FD4,CHK-105387,
DP-22D567,CHK-105386,PRICE_MISMATCH
DP-8F258C,CHK-105389,DUPLICATE_EXPORT_ROW
DP-C90B25,CHK-105391,
DP-3993B5,CHK-105394,
DP-F6C1B1,CHK-105397,
DP-F0F3AF,CHK-105399,
DP-019C6B,CHK-105402,PRICE_MISMATCH
DP-907A5C,CHK-105405,PRICE_MISMATCH
DP-DC86F8,CHK-105406,PRICE_MISMATCH
DP-99833C,CHK-105408,
DP-4E166A,CHK-105411,PRICE_MISMATCH
DP-E0E279,CHK-105418,PRICE_MISMATCH|DUPLICATE_EXPORT_ROW
DP-1C3712,CHK-105422,
DP-B7495C,CHK-105427,PRICE_MISMATCH
DP-EECEBA,CHK-105430,
DP-C4F3E9,CHK-105431,PRICE_MISMATCH
DP-4C64DA,CHK-105440,
DP-4692BA,CHK-105441,
DP-F8734E,CHK-105442,PRICE_MISMATCH
DP-BA2B25,CHK-105445,
DP-F0D5B8,CHK-105446,LATE
DP-E2A140,CHK-105449,PRICE_MISMATCH
DP-982E2A,CHK-105452,PRICE_MISMATCH
DP-24EA33,,MISSING_IN_POS
DP-7612CA,CHK-105455,
DP-63265A,CHK-105460,
DP-12FB1D,CHK-105465,
DP-EBFBF9,CHK-105469,
DP-04AC4C,CHK-105473,
DP-876FFD,CHK-105476,
DP-5A9D34,CHK-105483,
DP-AF8AA6,CHK-105480,LATE
DP-82EC68,CHK-105495,PRICE_MISMATCH
DP-391697,CHK-105497,LATE|PRICE_MISMATCH
DP-A38E86,CHK-105498,LATE
DP-5A19A1,CHK-105501,PRICE_MISMATCH
DP-1DC426,CHK-105505,
DP-CC09F0,CHK-105514,
DP-98BC56,CHK-105517,
DP-6969BE,CHK-105524,
DP-5FF972,CHK-105525,PRICE_MISMATCH
DP-28D091,CHK-105530,
DP-880F24,CHK-105537,
DP-F68086,CHK-105534,PRICE_MISMATCH
DP-B4ABD5,CHK-105542,
DP-EE51A4,CHK-105538,
DP-AF3ABC,CHK-105545,
DP-3F4297,CHK-105546,LATE
DP-9ACB69,CHK-105547,PRICE_MISMATCH
DP-F0C1F2,CHK-105549,
DP-6D3040,CHK-105552,
DP-3426FF,CHK-105557,
DP-40EFBD,CHK-105555,
DP-430525,CHK-105560,
DP-038094,CHK-105565,
DP-257DB7,CHK-105569,LATE|PRICE_MISMATCH
DP-D579F2,CHK-105572,PRICE_MISMATCH
DP-A9FFC4,CHK-105578,
DP-1A79D9,CHK-105581,
DP-2F99D0,CHK-105587,
DP-271892,CHK-105589,
DP-F1FBC3,CHK-105594,
DP-86F71D,CHK-105600,
DP-F03C68,CHK-105598,
DP-0D3A6E,CHK-105607,
DP-7FF8D1,CHK-105610,
DP-2EB97E,CHK-105613,
DP-38B838,CHK-105617,PRICE_MISMATCH
DP-DA0F65,CHK-105621,
DP-7A1ABF,CHK-105622,
DP-E4766B,CHK-105624,
DP-71F850,CHK-105641,
DP-865571,CHK-105642,
DP-D425FC,CHK-105645,
DP-AE56ED,CHK-105648,
DP-34173F,CHK-105654,PRICE_MISMATCH
DP-451DF6,CHK-105655,
DP-100002,CHK-105662,
DP-998524,CHK-105666,
DP-087CBA,CHK-105674,
DP-11F1D6,,
DP-542181,CHK-105690,PRICE_MISMATCH
DP-2C8742,CHK-105693,
DP-D63982,CHK-105698,PRICE_MISMATCH
DP-59602F,CHK-105699,
DP-4E1A19,CHK-105706,PRICE_MISMATCH
DP-23EE31,CHK-105717,
DP-AC3ED0,CHK-105724,
DP-F893D0,CHK-105722,
DP-4D6556,CHK-105727,
DP-A7FCDD,CHK-105730,
DP-4E2A63,CHK-105736,PRICE_MISMATCH
DP-891379,CHK-105744,PRICE_MISMATCH
DP-01B299,CHK-105747,PRICE_MISMATCH
DP-E294BC,CHK-105751,
DP-4DC1D0,CHK-105752,LATE
DP-4090BD,CHK-105754,
DP-BD260F,CHK-105755,
DP-5F700D,CHK-105762,PRICE_MISMATCH
DP-C18292,CHK-105765,PRICE_MISMATCH
DP-9C51E4,CHK-105768,
DP-80C826,CHK-105770,
DP-53250C,CHK-105776,
DP-815A14,CHK-105777,PRICE_MISMATCH
DP-2052F5,CHK-105781,
DP-735AD0,CHK-105784,PRICE_MISMATCH
DP-40B0C4,CHK-105789,
DP-42524A,CHK-105800,PRICE_MISMATCH
,CHK-105634,POS_ONLY_DELIVERY
DP-8327BE,CHK-105807,PRICE_MISMATCH
DP-453EB7,CHK-105803,
DP-225F85,CHK-105805,
DP-D3BD1F,CHK-105811,
DP-D9CC78,CHK-105810,PRICE_MISMATCH
DP-4078C7,CHK-105814,
DP-7B56D3,CHK-105817,
DP-89F483,CHK-105843,PRICE_MISMATCH
DP-10CE43,CHK-105863,
DP-7CE9C9,CHK-105867,
DP-1B32F2,CHK-105870,PRICE_MISMATCH
DP-1CF010,CHK-105874,
DP-09ADBF,CHK-105877,PRICE_MISMATCH
DP-45DA91,CHK-105879,
DP-FF9C4A,CHK-105889,PRICE_MISMATCH
DP-03FCFF,CHK-105906,LATE
DP-51687F,CHK-105910,
DP-7A8B81,CHK-105916,
DP-E9F2EE,CHK-105919,
DP-2C718A,CHK-105921,PRICE_MISMATCH
DP-32CEF9,CHK-105923,
DP-30A734,CHK-105927,
DP-4F38E4,CHK-105928,PRICE_MISMATCH
DP-343F0C,CHK-105930,PRICE_MISMATCH
DP-EDC310,CHK-105931,
DP-1F8D46,CHK-105936,LATE
DP-ACE2A0,CHK-105941,LATE|PRICE_MISMATCH
DP-EA3C8F,CHK-105942,PRICE_MISMATCH
DP-07D3FF,CHK-105950,PRICE_MISMATCH
DP-5C0920,CHK-105964,
DP-523482,CHK-105971,
DP-9BF1AD,,MISSING_IN_POS
DP-12C7AD,CHK-105983,PRICE_MISMATCH
DP-558E72,CHK-105980,
DP-123B05,CHK-105993,LATE
DP-A00F82,CHK-105994,
DP-24F692,CHK-105995,PRICE_MISMATCH
DP-BE87A4,CHK-105997,PRICE_MISMATCH
DP-7C9C41,CHK-106003,PRICE_MISMATCH
DP-01AA31,CHK-106010,PRICE_MISMATCH
DP-C1550C,CHK-106009,
,CHK-105830,POS_ONLY_DELIVERY
DP-FC89E9,CHK-106026,PRICE_MISMATCH
DP-6CBD18,CHK-106028,PRICE_MISMATCH
DP-B4C7A6,CHK-106038,
DP-ACB9DD,CHK-106041,
DP-788E97,CHK-106046,
DP-837530,CHK-106051,PRICE_MISMATCH
DP-441701,CHK-106056,
DP-BC6AAF,CHK-106058,
DP-56D541,CHK-106062,
DP-1A48C1,CHK-106064,
DP-B1558D,CHK-106067,
DP-070768,CHK-106086,
DP-A7158B,CHK-106087,
DP-02E554,CHK-106090,PRICE_MISMATCH
DP-8D3581,CHK-106103,
DP-847F76,CHK-106106,
DP-12E1F9,CHK-106110,
DP-77E550,CHK-106115,
DP-66999E,CHK-106118,PRICE_MISMATCH
DP-5CD65A,CHK-106122,
DP-40B549,CHK-106127,
DP-5951DC,CHK-106133,CANCELLED_NOT_VOIDED
DP-522543,CHK-106138,
DP-1C9940,CHK-106140,
DP-93D469,CHK-106149,
DP-F32FE4,CHK-106160,
DP-6C630A,CHK-106166,
DP-11ECD5,CHK-106167,
DP-C5CE37,CHK-106169,ITEM_REMOVED|PRICE_MISMATCH
DP-B5E2FA,CHK-106171,LATE|PRICE_MISMATCH
DP-24EED3,CHK-106176,
DP-BCC5B3,CHK-106179,
DP-940E8F,CHK-106182,
DP-9C8269,CHK-106185,
DP-5C0A53,CHK-106196,
DP-61AF97,CHK-106207,
DP-3B60BC,CHK-106224,
DP-F5D103,CHK-106225,
DP-B591C4,CHK-106230,
DP-69E08F,CHK-106236,
,CHK-106114,POS_ONLY_DELIVERY
DP-4E5CE0,CHK-106248,
DP-89FE25,CHK-106253,PRICE_MISMATCH
DP-DC4342,CHK-106257,
DP-33F624,CHK-106261,PRICE_MISMATCH
DP-80B331,CHK-106272,
DP-D07F43,CHK-106276,PRICE_MISMATCH
DP-373F3E,CHK-106285,PRICE_MISMATCH
DP-9EAB03,CHK-106286,
DP-7E3D3D,CHK-106291,
DP-1ED305,CHK-106293,LATE|PRICE_MISMATCH
DP-3C1CCB,CHK-106295,PRICE_MISMATCH
DP-94C20F,CHK-106303,PRICE_MISMATCH
DP-93D20A,CHK-106306,PRICE_MISMATCH
DP-9220A0,CHK-106309,
DP-42EFA3,CHK-106311,
DP-B8DEE4,,
DP-BC8F7F,CHK-106317,PRICE_MISMATCH
DP-5C155A,CHK-106319,
DP-26A6CF,CHK-106328,
DP-C751AB,CHK-106333,PRICE_MISMATCH
DP-A6ADE1,CHK-106337,
DP-4E6515,CHK-106347,
DP-B398C7,,MISSING_IN_POS
DP-5505D0,CHK-106352,
DP-E1A019,CHK-106355,
DP-071CA8,CHK-106359,
DP-3C7B19,CHK-106361,PRICE_MISMATCH
DP-0E0D90,CHK-106364,LATE
DP-971881,CHK-106372,
DP-7A9A17,CHK-106374,
DP-734882,CHK-106376,PRICE_MISMATCH
DP-B8520C,CHK-106385,
DP-7C4D8F,CHK-106388,
DP-A48165,CHK-106403,
DP-EFE48E,CHK-106415,
DP-9FF1DF,CHK-106416,
DP-AB65AD,CHK-106420,CANCELLED_NOT_VOIDED
DP-5555B0,CHK-106422,
DP-29500D,CHK-106425,PRICE_MISMATCH
DP-107212,CHK-106429,
DP-1AC8C3,CHK-106438,PRICE_MISMATCH
DP-47366D,CHK-106443,
DP-4DC046,CHK-106446,CANCELLED_NOT_VOIDED
DP-E1B458,CHK-106448,
DP-E1AE32,CHK-106449,
DP-0BE157,CHK-106451,
DP-F646C9,CHK-106458,
DP-A41475,CHK-106461,
DP-40FAA2,CHK-106469,
DP-7645D4,CHK-106474,
DP-06B17C,CHK-106476,
DP-FB5DED,CHK-106478,PRICE_MISMATCH
DP-C8D29E,CHK-106480,
DP-1AA096,CHK-106483,
DP-23A9A7,CHK-106485,PRICE_MISMATCH
DP-EF2446,CHK-106491,PRICE_MISMATCH
DP-9E8C0A,,MISSING_IN_POS
DP-E46C31,CHK-106494,PRICE_MISMATCH
DP-CAABFB,CHK-106497,LATE
DP-8A3458,CHK-106500,ITEM_REMOVED|PRICE_MISMATCH
DP-D61984,CHK-106503,LATE|PRICE_MISMATCH
DP-2FFF48,CHK-106506,
DP-0AF780,CHK-106507,PRICE_MISMATCH
DP-0E6941,CHK-106509,
DP-5604AC,CHK-106512,
DP-63E60C,CHK-106518,
DP-A9D0D4,CHK-106521,
DP-A8E18E,CHK-106523,
DP-B2AF19,CHK-106528,
DP-3530A2,CHK-106529,DUPLICATE_EXPORT_ROW
DP-CC131E,CHK-106531,
DP-DFAED7,CHK-106534,PRICE_MISMATCH
DP-1B42F7,CHK-106536,
DP-A16CE3,CHK-106538,
DP-BD98DF,CHK-106541,PRICE_MISMATCH
DP-BFBE54,CHK-106544,
DP-77592C,CHK-106552,
DP-B92F83,CHK-106556,PRICE_MISMATCH
DP-98FC18,CHK-106560,
DP-0C536D,CHK-106568,
DP-144478,CHK-106570,PRICE_MISMATCH
DP-389056,CHK-106573,
DP-2BCAB5,CHK-106576,
DP-6898CF,CHK-106575,
DP-64B238,CHK-106585,
DP-13F729,CHK-106584,
DP-CAD94A,CHK-106596,PRICE_MISMATCH
DP-5DAA0A,CHK-106594,LATE
DP-D76444,CHK-106601,LATE|PRICE_MISMATCH
DP-368967,,MISSING_IN_POS
DP-78AD9A,CHK-106606,
DP-7DEF78,,MISSING_IN_POS
DP-CCBA28,CHK-106612,
DP-9E8CDA,CHK-106615,
DP-493AF2,CHK-106617,
DP-0D3C49,CHK-106625,
DP-C1F503,CHK-106630,LATE
DP-EC5A84,CHK-106632,
DP-35DC9E,CHK-106641,
DP-03C781,CHK-106644,LATE
DP-8212DF,CHK-106647,PRICE_MISMATCH
DP-14DD3C,CHK-106650,PRICE_MISMATCH
DP-D1F3F3,CHK-106658,LATE|PRICE_MISMATCH
DP-049E05,CHK-106664,
DP-62721F,CHK-106667,
DP-1DD5C2,CHK-106670,LATE
DP-E8BDC9,CHK-106678,PRICE_MISMATCH
DP-E2E4CC,CHK-106680,CANCELLED_NOT_VOIDED
DP-CD581E,CHK-106687,PRICE_MISMATCH
DP-633B54,CHK-106693,LATE
DP-8E37B3,CHK-106696,PRICE_MISMATCH
DP-BF1E70,,
DP-A792A4,CHK-106697,
DP-7BF07E,CHK-106703,
DP-7221B6,CHK-106711,PRICE_MISMATCH
DP-DB03CF,CHK-106718,
DP-5EC555,CHK-106716,LATE
DP-0E97A3,CHK-106725,
DP-0A0293,CHK-106729,
DP-9D11B1,CHK-106733,
DP-60334A,CHK-106731,PRICE_MISMATCH
DP-C510F6,CHK-106736,
DP-90AF28,CHK-106740,
DP-DDB686,CHK-106743,
DP-F0975D,CHK-106745,
DP-CE501E,CHK-106746,
DP-B0702D,,DUPLICATE_EXPORT_ROW
DP-A05396,CHK-106756,
DP-085CB5,CHK-106753,
DP-28D127,CHK-106751,
DP-67E8C3,CHK-106762,
DP-EC501D,CHK-106759,
DP-4DE735,CHK-106767,PRICE_MISMATCH
DP-573784,CHK-106770,
DP-B7215F,CHK-106773,
DP-3D421F,CHK-106776,
DP-F0E9B2,,LATE|MISSING_IN_POS
DP-C7F169,CHK-106785,PRICE_MISMATCH
DP-B9247D,CHK-106786,PRICE_MISMATCH
DP-375B75,CHK-106792,
DP-F7C0E9,CHK-106798,CANCELLED_NOT_VOIDED
DP-0A356E,CHK-106807,
DP-35EDF2,CHK-106812,
DP-E70BBF,CHK-106809,
DP-D66093,CHK-106818,
DP-D8F08C,CHK-106821,
DP-B5435F,CHK-106824,
DP-6023EC,CHK-106830,
DP-F338DA,CHK-106832,PRICE_MISMATCH
DP-EBBE5D,CHK-106836,
DP-F2DFB6,CHK-106840,LATE
DP-17F5B9,CHK-106839,
DP-AA3E82,CHK-106844,
DP-B8368A,CHK-106851,
DP-9BE481,CHK-106858,LATE
DP-DE0F43,CHK-106863,LATE
DP-1D757D,CHK-106865,PRICE_MISMATCH
DP-B09EDB,CHK-106868,
DP-6E1A94,,MISSING_IN_POS
DP-206ACA,CHK-106876,PRICE_MISMATCH
DP-822607,CHK-106878,
DP-6FB3CD,CHK-106880,PRICE_MISMATCH
DP-B5B8F0,CHK-106891,
DP-84E689,CHK-106896,
DP-28E220,CHK-106899,
DP-5696BD,CHK-106902,PRICE_MISMATCH
DP-5D2F5A,CHK-106904,PRICE_MISMATCH
DP-797D1C,,LATE|MISSING_IN_POS
DP-ECA260,,MISSING_IN_POS
DP-AD416D,CHK-106910,
DP-2F1E73,CHK-106912,
DP-FF8FB8,CHK-106911,LATE
DP-840FDE,CHK-106915,LATE
DP-81DBCB,CHK-106916,
DP-018E02,CHK-106919,
DP-836D57,CHK-106923,ITEM_REMOVED
DP-793BAA,CHK-106929,
DP-81FD5A,CHK-106934,
DP-DF7BBD,CHK-106932,PRICE_MISMATCH
DP-95F97D,CHK-106936,
DP-01E7BD,CHK-106939,PRICE_MISMATCH
DP-324465,CHK-106941,
DP-88CB65,CHK-106944,
DP-41636E,CHK-106947,
DP-335E56,CHK-106953,PRICE_MISMATCH
DP-0FDF2D,CHK-106963,
DP-5C9AC8,CHK-106965,LATE
DP-F0794A,CHK-106977,PRICE_MISMATCH
DP-27C4A5,CHK-106981,PRICE_MISMATCH
DP-6B7962,CHK-106982,
DP-124762,CHK-106984,PRICE_MISMATCH
DP-19248C,CHK-106987,
DP-ED10C8,CHK-106990,
DP-EAF8A3,CHK-106993,PRICE_MISMATCH
DP-B9FD33,CHK-106996,
DP-69A806,,
DP-5D264D,CHK-107001,PRICE_MISMATCH
DP-E221E7,,
DP-965767,CHK-107002,
DP-870CB4,CHK-107006,
DP-A9FA73,CHK-107007,PRICE_MISMATCH
DP-0FDEC0,CHK-107011,PRICE_MISMATCH
DP-FF5F62,CHK-107014,
DP-0F00A2,CHK-107018,
DP-F4218C,CHK-107020,
DP-A9660B,CHK-107026,
DP-4CF28A,CHK-107028,ITEM_REMOVED|PRICE_MISMATCH
DP-4B4774,CHK-107031,PRICE_MISMATCH
DP-2950EA,CHK-107032,
DP-FE7DEF,CHK-107036,
DP-C97151,CHK-107037,PRICE_MISMATCH
DP-95CC44,CHK-107039,PRICE_MISMATCH
DP-733E55,,MISSING_IN_POS
DP-8476A8,CHK-107048,
DP-2B7055,CHK-107044,
DP-994EF7,CHK-107050,PRICE_MISMATCH
DP-87697C,CHK-107053,
DP-70F78A,CHK-107058,PRICE_MISMATCH
DP-5177B1,CHK-107062,
DP-18449A,CHK-107065,
DP-7B0B79,CHK-107066,
DP-70D3D4,CHK-107067,
DP-DEE296,CHK-107069,PRICE_MISMATCH
DP-3618C3,CHK-107071,
DP-C5CF51,CHK-107072,LATE
DP-7071CE,CHK-107080,
DP-AF32D9,CHK-107083,PRICE_MISMATCH
DP-4BBDA6,CHK-107088,
DP-403481,CHK-107090,
DP-FCE7F4,CHK-107094,
DP-70F83E,CHK-107096,
DP-4791BC,CHK-107097,
DP-2DCD13,CHK-107101,
DP-994045,CHK-107103,
DP-314CC3,CHK-107108,PRICE_MISMATCH
DP-49FD69,CHK-107111,PRICE_MISMATCH
DP-275A3E,CHK-107116,LATE|PRICE_MISMATCH
DP-638BC8,CHK-107121,
DP-E07737,CHK-107124,
DP-1BFC72,CHK-107131,PRICE_MISMATCH
DP-E9C882,,
